id;address_line;city;district;state;postal_code;country
1;mindshare Interactions Versatile;Cartershire;Rubber line applications;Sports withdrawal Architect;JSON supply-chains Pants;Jamaica
2;web-readiness copy;Chadrickshire;purple Credit Developer;Chile;invoice;Suriname
3;Ports China;Milpitas;solution policy Grove;Bike Timor-Leste grow;Account;Romania
4;Alaska;New Amani;reboot ubiquitous Avon;Account Assimilated optical;Shirt;Faroe Islands
5;alarm Dinar Bacon;Dorcaschester;override projection Taka;Technician Accounts blue;generating Administrator;Luxembourg
6;Awesome Industrial;Lake Noemi;Account microchip;Account Tasty;Identity;Belize
7;Ramp benchmark Rubber;Novato;Dynamic Pound;firewall;Pizza;Djibouti
8;compelling generating;North Montefurt;systematic Avon analyzer;regional Regional withdrawal;Plastic Investor back;Albania
9;invoice;Salina;asynchronous;navigate infrastructures;Tasty Soft olive;Austria
10;Grocery Soft;South Mohamedview;Namibia;Shoes;digital;Montserrat
