id;guid;is_queued;parsed;identifier;priority
1;Representative compress Missouri;false;Markets input Generic;Advanced Netherlands;Todo
2;structure global Sharable;true;Cloned;Forint;Todo
3;pixel;true;IB Unbranded;Mouse Investment;Todo
4;quantifying facilitate;true;Response mindshare;mint salmon Group;Todo
5;Sudan;false;Senior payment;archive;Todo
6;red circuit integrate;true;fuchsia Cross-platform;RSS Haven;Todo
7;redefine Auto;true;bypassing Incredible;indexing XSS 17(E.U.A.-17);Todo
8;calculating;true;COM;Cotton value-added parsing;Todo
9;facilitate Tugrik SMTP;false;Tactics ROI;vertical indexing teal;Todo
10;overriding;false;virtual matrix;bricks-and-clicks complexity;Todo
