id;phone;email;mobile;url
1;909.581.4856;Kip_Rippin40@yahoo.com;synthesizing;https://joey.biz
2;592.779.5407;Ariane_Tromp30@yahoo.com;Product administration;http://rachel.net
3;583.210.6401 x091;Dalton68@gmail.com;Regional;http://betsy.net
4;(241) 482-7282;Walton.Harris19@yahoo.com;deposit capacitor Ukraine;http://johnson.name
5;(404) 239-0784 x4299;Elizabeth_Lemke85@yahoo.com;disintermediate;http://lonny.com
6;1-926-851-6078;Tevin98@yahoo.com;Bike backing Inverse;http://dandre.org
7;554.638.6627;Kameron57@gmail.com;RAM Technician Assimilated;http://camylle.biz
8;(560) 770-2748;Yazmin8@yahoo.com;Chips IB user-centric;http://chasity.name
9;401-686-7106;Lacey.Heller16@hotmail.com;Avon Regional matrix;https://leanne.org
10;1-988-945-6453 x721;Malachi_Gottlieb@hotmail.com;wireless Auto background;http://marlene.org
