id;guid;identifier;type
1;Secured Program;the program Ghana;Todo
2;schemas Soft;green installation;Todo
3;Uruguayo Liaison Forward;Islands Gold harness;Todo
4;virtual e-commerce Reverse-engineered;Car Bedfordshire hour;Todo
5;pink;SCSI;Todo
6;blue;SAS SDD 17(E.U.A.-17);Todo
7;Accounts Venezuela Plastic;transmitting;Todo
8;Fully-configurable infrastructure Monaco;Fresh;Todo
9;Algeria Plastic Principal;Tactics infomediaries Guadeloupe;Todo
10;alarm Bedfordshire Technician;pixel auxiliary Korea;Todo
