id;guid;force_id;resident_number;passport_number;national_health_id;iqama;religion;gender;start;end;marital_status
1;Steel infrastructures;Zimbabwe Montana groupware;Buckinghamshire;African backing;sky Kids;Response Wooden quantify;Todo;Todo;2021-05-20T13:08:10;2021-05-21T02:46:49;Todo
2;transmitting withdrawal;Computer New port;Account;integrated even-keeled;Corporate;Omani Avon;Todo;Todo;2021-05-21T02:07:22;2021-05-20T14:57:19;Todo
3;engineer Keyboard compressing;Orchestrator;(Keeling);Refined override;customized;optimizing Steel turquoise;Todo;Todo;2021-05-21T04:45:27;2021-05-20T18:09:53;Todo
4;Synchronised revolutionize;end-to-end Associate;Islands;Cotton dot-com;Open-architected;AI yellow;Todo;Todo;2021-05-21T10:12:51;2021-05-21T08:35:07;Todo
5;Small Program architecture;Maryland Human ubiquitous;impactful;embrace;Directives Account Israel;Chief digital application;Todo;Todo;2021-05-20T22:45:13;2021-05-21T00:49:44;Todo
6;Books Mouse;Hollow;Assimilated;extend Fantastic Ergonomic;harness Account Intelligent;Fully-configurable Paradigm;Todo;Todo;2021-05-20T16:37:48;2021-05-21T09:12:18;Todo
7;withdrawal;content-based Wooden time-frame;Multi-channelled;niches Savings Account;haptic Sleek indigo;paradigm;Todo;Todo;2021-05-20T17:49:50;2021-05-21T09:13:25;Todo
8;Guinea-Bissau Kansas Executive;Investment;quantify Soft Track;Fresh;Cape;standardization Licensed systemic;Todo;Todo;2021-05-21T05:09:50;2021-05-20T22:31:37;Todo
9;York array;Engineer;Garden;engineer Concrete;card;website;Todo;Todo;2021-05-21T09:21:22;2021-05-20T20:50:09;Todo
10;to Metal;dynamic;multi-byte Ohio Engineer;Sweden;index;Account card HDD;Todo;Todo;2021-05-21T09:09:32;2021-05-21T01:06:31;Todo
