id;guid;parsed;identifier;payment_date;amount;payment_status
1;Gateway;Small 24/365;North Outdoors copying;2021-05-21T08:32:57;13229;Todo
2;Realigned bypassing Bangladesh;purple Small;orchid;2021-05-20T12:47:04;52948;Todo
3;applications;models Investor Electronics;payment;2021-05-20T17:23:27;77687;Todo
4;morph auxiliary Metal;PNG multi-byte methodical;Industrial;2021-05-21T09:42:04;20700;Todo
5;Usability;mint;web;2021-05-20T22:35:39;72347;Todo
6;blue Borders Manager;deposit Soft Alabama;Unbranded Orchestrator primary;2021-05-20T16:18:40;56135;Todo
7;withdrawal Account 24/365;content architect Faso;Rustic;2021-05-21T05:23:47;46677;Todo
8;Practical Cotton Fresh;Mountain;IB;2021-05-21T03:08:54;87329;Todo
9;exploit hard Identity;Customer Zealand Well;web-enabled;2021-05-21T07:08:19;27669;Todo
10;Yemen microchip;Seamless Gabon;redundant Investment Cambridgeshire;2021-05-21T06:30:13;86113;Todo
