id;guid;force_id;practitioner_license;gender
1;Circles Illinois;deposit;Handmade Greenland;Todo
2;Locks navigate;supply-chains;Sudan;Todo
3;bus Account Money;methodical Car;Loop calculate;Todo
4;Metal optical;payment Bacon;wireless Somali;Todo
5;interface;Beauty;Planner Berkshire generating;Todo
6;Uruguay efficient;groupware;Dynamic Cliffs;Todo
7;Oklahoma infrastructures;cultivate;Grocery reboot;Todo
8;panel drive bluetooth;Ball Plastic North;Steel Administrator;Todo
9;fuchsia;reciprocal evolve;index parsing microchip;Todo
10;granular;Savings purple;override real-time;Todo
