id;input_include;input_exclude;input_include_message;input_exclude_message;input_count;input_start;input_end;input_line_item
1;Todo;Todo;Todo;Todo;45909;2021-05-20T16:07:07;2021-05-20T23:36:34;28537
2;Todo;Todo;Todo;Todo;65366;2021-05-20T16:56:27;2021-05-20T23:04:45;37097
3;Todo;Todo;Todo;Todo;68112;2021-05-21T00:52:17;2021-05-20T11:24:36;18320
4;Todo;Todo;Todo;Todo;48364;2021-05-21T03:01:41;2021-05-21T02:20:10;79301
5;Todo;Todo;Todo;Todo;67612;2021-05-21T08:43:07;2021-05-20T19:04:50;61161
6;Todo;Todo;Todo;Todo;68839;2021-05-21T05:21:51;2021-05-21T04:17:16;83783
7;Todo;Todo;Todo;Todo;69605;2021-05-20T11:20:47;2021-05-20T19:33:52;2895
8;Todo;Todo;Todo;Todo;44276;2021-05-20T20:34:56;2021-05-20T14:25:49;2241
9;Todo;Todo;Todo;Todo;57503;2021-05-20T22:19:44;2021-05-21T00:51:42;17369
10;Todo;Todo;Todo;Todo;99186;2021-05-21T00:36:58;2021-05-21T04:19:47;45666
